[
    { "code":"Z100", "province":"EE", "name":"ALBANIA" },
    { "code":"Z101", "province":"EE", "name":"ANDORRA" },
    { "code":"Z102", "province":"EE", "name":"AUSTRIA" },
    { "code":"Z103", "province":"EE", "name":"BELGIO" },
    { "code":"Z104", "province":"EE", "name":"BULGARIA" },
    { "code":"Z105", "province":"EE", "name":"CECOSLOVACCHIA" },
    { "code":"Z106", "province":"EE", "name":"CITTA DEL VATICANO / VATICANO" },
    { "code":"Z107", "province":"EE", "name":"DANIMARCA" },
    { "code":"Z108", "province":"EE", "name":"FAER OER" },
    { "code":"Z109", "province":"EE", "name":"FINLANDIA" },
    { "code":"Z110", "province":"EE", "name":"FRANCIA" },
    { "code":"Z111", "province":"EE", "name":"GERMANIA REP. DEMOCRATICA" },
    { "code":"Z112", "province":"EE", "name":"GERMANIA REP. FEDERALE / GERMANIA" },
    { "code":"Z113", "province":"EE", "name":"GIBILTERRA" },
    { "code":"Z114", "province":"EE", "name":"GRAN BRETAGNA" },
    { "code":"Z115", "province":"EE", "name":"GRECIA" },
    { "code":"Z116", "province":"EE", "name":"IRLANDA" },
    { "code":"Z117", "province":"EE", "name":"ISLANDA" },
    { "code":"Z118", "province":"EE", "name":"IUGOSLAVIA" },
    { "code":"Z119", "province":"EE", "name":"LIECHTENSTEIN" },
    { "code":"Z120", "province":"EE", "name":"LUSSEMBURGO" },
    { "code":"Z121", "province":"EE", "name":"MALTA" },
    { "code":"Z122", "province":"EE", "name":"MAN" },
    { "code":"Z123", "province":"EE", "name":"MONACO" },
    { "code":"Z124", "province":"EE", "name":"NORMANNE" },
    { "code":"Z125", "province":"EE", "name":"NORVEGIA" },
    { "code":"Z126", "province":"EE", "name":"PAESI BASSI" },
    { "code":"Z127", "province":"EE", "name":"POLONIA" },
    { "code":"Z128", "province":"EE", "name":"PORTOGALLO" },
    { "code":"Z129", "province":"EE", "name":"ROMANIA" },
    { "code":"Z130", "province":"EE", "name":"SAN MARINO" },
    { "code":"Z131", "province":"EE", "name":"SPAGNA" },
    { "code":"Z132", "province":"EE", "name":"SVEZIA" },
    { "code":"Z133", "province":"EE", "name":"SVIZZERA" },
    { "code":"Z134", "province":"EE", "name":"UNGHERIA" },
    { "code":"Z135", "province":"EE", "name":"URSS" },
    { "code":"Z136", "province":"EE", "name":"GEORGIA" },
    { "code":"Z137", "province":"EE", "name":"ARMENIA" },
    { "code":"Z138", "province":"EE", "name":"UCRAINA" },
    { "code":"Z139", "province":"EE", "name":"BIELORUSSIA" },
    { "code":"Z140", "province":"EE", "name":"MOLDAVIA" },
    { "code":"Z141", "province":"EE", "name":"AZERBAIDJAN" },
    { "code":"Z142", "province":"EE", "name":"KIRGHIZISTAN" },
    { "code":"Z143", "province":"EE", "name":"UZBEKISTAN" },
    { "code":"Z144", "province":"EE", "name":"ESTONIA" },
    { "code":"Z145", "province":"EE", "name":"LETTONIA" },
    { "code":"Z146", "province":"EE", "name":"LITUANIA" },
    { "code":"Z147", "province":"EE", "name":"TAGIKISTAN" },
    { "code":"Z148", "province":"EE", "name":"MACEDONIA" },
    { "code":"Z149", "province":"EE", "name":"CROAZIA" },
    { "code":"Z150", "province":"EE", "name":"SLOVENIA" },
    { "code":"Z151", "province":"EE", "name":"TURKEMENISTAN" },
    { "code":"Z152", "province":"EE", "name":"KAZAKISTAN" },
    { "code":"Z153", "province":"EE", "name":"BOSNIA ED ERZEGOVINA / BOSNIA ERZEGOVINA" },
    { "code":"Z154", "province":"EE", "name":"RUSSIA / FEDERAZIONE RUSSA" },
    { "code":"Z155", "province":"EE", "name":"REPUBBLICA SLOVACCA" },
    { "code":"Z156", "province":"EE", "name":"REPUBBLICA CECA" },
    { "code":"Z200", "province":"EE", "name":"AFGHANISTAN" },
    { "code":"Z201", "province":"EE", "name":"ARABIA MERIDIONALE" },
    { "code":"Z202", "province":"EE", "name":"PROTETTORATO DELLA ARABIA MERIDIONALE" },
    { "code":"Z203", "province":"EE", "name":"ARABIA SAUDITA" },
    { "code":"Z204", "province":"EE", "name":"BAHREIN" },
    { "code":"Z205", "province":"EE", "name":"BHUTAN" },
    { "code":"Z206", "province":"EE", "name":"BIRMANIA" },
    { "code":"Z207", "province":"EE", "name":"BRUNEI" },
    { "code":"Z208", "province":"EE", "name":"CAMBOGIA" },
    { "code":"Z209", "province":"EE", "name":"SRI LANKA" },
    { "code":"Z210", "province":"EE", "name":"CINA REPUBBLICA POPOLARE / CINA / CHINA" },
    { "code":"Z211", "province":"EE", "name":"CIPRO" },
    { "code":"Z212", "province":"EE", "name":"COCOS" },
    { "code":"Z213", "province":"EE", "name":"REPUBBLICA DI COREA" },
    { "code":"Z214", "province":"EE", "name":"COREA REPUBBLICA POPOLARE" },
    { "code":"Z215", "province":"EE", "name":"EMIRATI ARABI UNITI" },
    { "code":"Z216", "province":"EE", "name":"FILIPPINE" },
    { "code":"Z217", "province":"EE", "name":"CINA REPUBBLICA NAZIONALE" },
    { "code":"Z218", "province":"EE", "name":"TERRITORIO DI GAZA" },
    { "code":"Z219", "province":"EE", "name":"GIAPPONE" },
    { "code":"Z220", "province":"EE", "name":"GIORDANIA" },
    { "code":"Z221", "province":"EE", "name":"HONG KONG" },
    { "code":"Z222", "province":"EE", "name":"INDIA" },
    { "code":"Z223", "province":"EE", "name":"INDONESIA" },
    { "code":"Z224", "province":"EE", "name":"IRAN" },
    { "code":"Z225", "province":"EE", "name":"IRAQ" },
    { "code":"Z226", "province":"EE", "name":"ISRAELE" },
    { "code":"Z227", "province":"EE", "name":"KUWAIT" },
    { "code":"Z228", "province":"EE", "name":"LAOS" },
    { "code":"Z229", "province":"EE", "name":"LIBANO" },
    { "code":"Z230", "province":"EE", "name":"MALESIA" },
    { "code":"Z231", "province":"EE", "name":"MACAO" },
    { "code":"Z232", "province":"EE", "name":"MALDIVE" },
    { "code":"Z233", "province":"EE", "name":"MONGOLIA REP. POPOLARE" },
    { "code":"Z234", "province":"EE", "name":"NEPAL" },
    { "code":"Z235", "province":"EE", "name":"OMAN" },
    { "code":"Z236", "province":"EE", "name":"PAKISTAN" },
    { "code":"Z237", "province":"EE", "name":"QATAR" },
    { "code":"Z238", "province":"EE", "name":"RYUKYU" },
    { "code":"Z239", "province":"EE", "name":"SIKKIM" },
    { "code":"Z240", "province":"EE", "name":"SIRIA" },
    { "code":"Z241", "province":"EE", "name":"THAILANDIA" },
    { "code":"Z242", "province":"EE", "name":"TIMOR" },
    { "code":"Z243", "province":"EE", "name":"TURCHIA" },
    { "code":"Z244", "province":"EE", "name":"VIETNAM DEL SUD" },
    { "code":"Z245", "province":"EE", "name":"VIETNAM DEL NORD" },
    { "code":"Z246", "province":"EE", "name":"YEMEN" },
    { "code":"Z247", "province":"EE", "name":"MALAYSIA" },
    { "code":"Z248", "province":"EE", "name":"SINGAPORE" },
    { "code":"Z249", "province":"EE", "name":"BANGLADESH" },
    { "code":"Z250", "province":"EE", "name":"YEMEN REP. DEM. POPOLARE" },
    { "code":"Z251", "province":"EE", "name":"VIETNAM" },
    { "code":"Z300", "province":"EE", "name":"NAMIBIA" },
    { "code":"Z301", "province":"EE", "name":"ALGERIA" },
    { "code":"Z302", "province":"EE", "name":"ANGOLA" },
    { "code":"Z303", "province":"EE", "name":"BASUTOLAND SUD AFRICA BRITANNICO" },
    { "code":"Z304", "province":"EE", "name":"BECIUANIA SUD AFRICA BRITANNICO" },
    { "code":"Z305", "province":"EE", "name":"BURUNDI" },
    { "code":"Z306", "province":"EE", "name":"CAMERUN" },
    { "code":"Z307", "province":"EE", "name":"CAPO VERDE" },
    { "code":"Z308", "province":"EE", "name":"IMPERO CENTROAFRICANO" },
    { "code":"Z309", "province":"EE", "name":"CIAD" },
    { "code":"Z310", "province":"EE", "name":"COMORE" },
    { "code":"Z311", "province":"EE", "name":"CONGO REPUBBLICA POPOLARE" },
    { "code":"Z312", "province":"EE", "name":"ZAIRE" },
    { "code":"Z313", "province":"EE", "name":"COSTA D'AVORIO" },
    { "code":"Z314", "province":"EE", "name":"BENIN" },
    { "code":"Z315", "province":"EE", "name":"ETIOPIA" },
    { "code":"Z316", "province":"EE", "name":"GABON" },
    { "code":"Z317", "province":"EE", "name":"GAMBIA" },
    { "code":"Z318", "province":"EE", "name":"GHANA" },
    { "code":"Z319", "province":"EE", "name":"GUINEA" },
    { "code":"Z320", "province":"EE", "name":"GUINEA BISSAU" },
    { "code":"Z321", "province":"EE", "name":"GUINEA EQUATORIALE" },
    { "code":"Z322", "province":"EE", "name":"KENYA" },
    { "code":"Z323", "province":"EE", "name":"IFNI" },
    { "code":"Z324", "province":"EE", "name":"LA REUNION" },
    { "code":"Z325", "province":"EE", "name":"LIBERIA" },
    { "code":"Z326", "province":"EE", "name":"LIBIA" },
    { "code":"Z327", "province":"EE", "name":"MADAGASCAR" },
    { "code":"Z328", "province":"EE", "name":"MALAWI" },
    { "code":"Z329", "province":"EE", "name":"MALI" },
    { "code":"Z330", "province":"EE", "name":"MAROCCO" },
    { "code":"Z331", "province":"EE", "name":"MAURITANIA" },
    { "code":"Z332", "province":"EE", "name":"MAURIZIO" },
    { "code":"Z333", "province":"EE", "name":"MOZAMBICO" },
    { "code":"Z334", "province":"EE", "name":"NIGER" },
    { "code":"Z335", "province":"EE", "name":"NIGERIA" },
    { "code":"Z336", "province":"EE", "name":"EGITTO" },
    { "code":"Z337", "province":"EE", "name":"ZIMBABWE" },
    { "code":"Z338", "province":"EE", "name":"RUANDA" },
    { "code":"Z339", "province":"EE", "name":"SAHARA SPAGNOLO" },
    { "code":"Z340", "province":"EE", "name":"SANT ELENA" },
    { "code":"Z341", "province":"EE", "name":"PRINCIPE" },
    { "code":"Z342", "province":"EE", "name":"SEICELLE" },
    { "code":"Z343", "province":"EE", "name":"SENEGAL" },
    { "code":"Z344", "province":"EE", "name":"SIERRA LEONE" },
    { "code":"Z345", "province":"EE", "name":"SOMALIA" },
    { "code":"Z346", "province":"EE", "name":"SOMALIA FRANCESE" },
    { "code":"Z347", "province":"EE", "name":"REPUBBLICA SUDAFRICANA" },
    { "code":"Z348", "province":"EE", "name":"SUDAN" },
    { "code":"Z349", "province":"EE", "name":"SWAZILAND" },
    { "code":"Z350", "province":"EE", "name":"TANGANICA" },
    { "code":"Z351", "province":"EE", "name":"TOGO" },
    { "code":"Z352", "province":"EE", "name":"TUNISIA" },
    { "code":"Z353", "province":"EE", "name":"UGANDA" },
    { "code":"Z354", "province":"EE", "name":"BURKINA FASO" },
    { "code":"Z355", "province":"EE", "name":"ZAMBIA" },
    { "code":"Z356", "province":"EE", "name":"ZANZIBAR" },
    { "code":"Z357", "province":"EE", "name":"TANZANIA" },
    { "code":"Z358", "province":"EE", "name":"BOTSWANA" },
    { "code":"Z359", "province":"EE", "name":"LESOTHO" },
    { "code":"Z360", "province":"EE", "name":"MAYOTTE" },
    { "code":"Z361", "province":"EE", "name":"GIBUTI" },
    { "code":"Z362", "province":"EE", "name":"SAHARA MERIDIONALE" },
    { "code":"Z363", "province":"EE", "name":"SAHARA SETTENTRIONALE" },
    { "code":"Z364", "province":"EE", "name":"BOPHUTHATSWANA" },
    { "code":"Z365", "province":"EE", "name":"TRANSKEI" },
    { "code":"Z366", "province":"EE", "name":"VENDA" },
    { "code":"Z367", "province":"EE", "name":"CISKEI" },
    { "code":"Z368", "province":"EE", "name":"ERITREA" },
    { "code":"Z400", "province":"EE", "name":"BERMUDE" },
    { "code":"Z401", "province":"EE", "name":"CANADA" },
    { "code":"Z402", "province":"EE", "name":"GROENLANDIA" },
    { "code":"Z403", "province":"EE", "name":"SAINT PIERRE ET MIQUELON" },
    { "code":"Z404", "province":"EE", "name":"STATI UNITI D'AMERICA" },
    { "code":"Z500", "province":"EE", "name":"ANTILLE BRITANNICHE" },
    { "code":"Z501", "province":"EE", "name":"ANTILLE OLANDESI" },
    { "code":"Z502", "province":"EE", "name":"BAHAMA" },
    { "code":"Z503", "province":"EE", "name":"COSTA RICA" },
    { "code":"Z504", "province":"EE", "name":"CUBA" },
    { "code":"Z505", "province":"EE", "name":"REPUBBLICA DOMINICANA" },
    { "code":"Z506", "province":"EE", "name":"EL SALVADOR" },
    { "code":"Z507", "province":"EE", "name":"GIAMAICA" },
    { "code":"Z508", "province":"EE", "name":"GUADALUPA" },
    { "code":"Z509", "province":"EE", "name":"GUATEMALA" },
    { "code":"Z510", "province":"EE", "name":"HAITI" },
    { "code":"Z511", "province":"EE", "name":"HONDURAS" },
    { "code":"Z512", "province":"EE", "name":"BELIZE" },
    { "code":"Z513", "province":"EE", "name":"MARTINICA" },
    { "code":"Z514", "province":"EE", "name":"MESSICO" },
    { "code":"Z515", "province":"EE", "name":"NICARAGUA" },
    { "code":"Z516", "province":"EE", "name":"PANAMA" },
    { "code":"Z517", "province":"EE", "name":"PANAMA ZONA DEL CANALE" },
    { "code":"Z518", "province":"EE", "name":"PUERTO RICO" },
    { "code":"Z519", "province":"EE", "name":"TURKS" },
    { "code":"Z520", "province":"EE", "name":"ISOLE VERGINI" },
    { "code":"Z522", "province":"EE", "name":"BARBADOS" },
    { "code":"Z523", "province":"EE", "name":"ANTILLE BRITANNICHE" },
    { "code":"Z524", "province":"EE", "name":"GRENADA" },
    { "code":"Z525", "province":"EE", "name":"ISOLE VERGINI BRITANNICHE " },
    { "code":"Z526", "province":"EE", "name":"DOMINICA" },
    { "code":"Z527", "province":"EE", "name":"SAINT LUCIA" },
    { "code":"Z528", "province":"EE", "name":"SAINT VINCENT E GRENADINE" },
    { "code":"Z529", "province":"EE", "name":"ISOLA ANGUILLA" },
    { "code":"Z530", "province":"EE", "name":"ISOLE CAYMAN" },
    { "code":"Z531", "province":"EE", "name":"MONTSERRAT" },
    { "code":"Z532", "province":"EE", "name":"ANTIGUE E BARBUDA" },
    { "code":"Z533", "province":"EE", "name":"SAINT KITTS E NEVIS" },
    { "code":"Z600", "province":"EE", "name":"ARGENTINA" },
    { "code":"Z601", "province":"EE", "name":"BOLIVIA" },
    { "code":"Z602", "province":"EE", "name":"BRASILE" },
    { "code":"Z603", "province":"EE", "name":"CILE" },
    { "code":"Z604", "province":"EE", "name":"COLOMBIA" },
    { "code":"Z605", "province":"EE", "name":"ECUADOR" },
    { "code":"Z606", "province":"EE", "name":"REPUBBLICA DELLA GUAYANA" },
    { "code":"Z607", "province":"EE", "name":"GUAYANA FRANCESE" },
    { "code":"Z608", "province":"EE", "name":"SURINAME" },
    { "code":"Z609", "province":"EE", "name":"MALVINE" },
    { "code":"Z610", "province":"EE", "name":"PARAGUAY" },
    { "code":"Z611", "province":"EE", "name":"PERU" },
    { "code":"Z612", "province":"EE", "name":"TRINIDAD E TOBAGO" },
    { "code":"Z613", "province":"EE", "name":"URUGUAY" },
    { "code":"Z614", "province":"EE", "name":"VENEZUELA" },
    { "code":"Z700", "province":"EE", "name":"AUSTRALIA" },
    { "code":"Z701", "province":"EE", "name":"CAROLINE" },
    { "code":"Z702", "province":"EE", "name":"CHRISTMAS" },
    { "code":"Z703", "province":"EE", "name":"COOK" },
    { "code":"Z704", "province":"EE", "name":"FIGI O VITI" },
    { "code":"Z705", "province":"EE", "name":"ELLICE" },
    { "code":"Z706", "province":"EE", "name":"GUAM" },
    { "code":"Z707", "province":"EE", "name":"IRIAN OCCIDENTALE" },
    { "code":"Z708", "province":"EE", "name":"MACQUARIE" },
    { "code":"Z709", "province":"EE", "name":"MARCUS" },
    { "code":"Z710", "province":"EE", "name":"MARIANNE" },
    { "code":"Z711", "province":"EE", "name":"MARSHALL" },
    { "code":"Z712", "province":"EE", "name":"MIDWAY" },
    { "code":"Z713", "province":"EE", "name":"NAURU" },
    { "code":"Z714", "province":"EE", "name":"SAVAGE" },
    { "code":"Z715", "province":"EE", "name":"NORFOLK" },
    { "code":"Z716", "province":"EE", "name":"NUOVA CALEDONIA" },
    { "code":"Z717", "province":"EE", "name":"NUOVE EBRIDI" },
    { "code":"Z718", "province":"EE", "name":"NUOVA GUINEA" },
    { "code":"Z719", "province":"EE", "name":"NUOVA ZELANDA" },
    { "code":"Z720", "province":"EE", "name":"PAPUASIA" },
    { "code":"Z721", "province":"EE", "name":"PASQUA" },
    { "code":"Z722", "province":"EE", "name":"PITCAIRN" },
    { "code":"Z723", "province":"EE", "name":"POLINESIA" },
    { "code":"Z724", "province":"EE", "name":"SALOMONE" },
    { "code":"Z725", "province":"EE", "name":"SAMOA AMERICANE" },
    { "code":"Z726", "province":"EE", "name":"SAMOA OCCIDENTALI" },
    { "code":"Z727", "province":"EE", "name":"TOKELAU" },
    { "code":"Z728", "province":"EE", "name":"TONGA O DEGLI AMICI" },
    { "code":"Z729", "province":"EE", "name":"WALLIS" },
    { "code":"Z730", "province":"EE", "name":"PAPUA NUOVA GUINEA" },
    { "code":"Z731", "province":"EE", "name":"KIRIBATI" },
    { "code":"Z732", "province":"EE", "name":"TUVALU" },
    { "code":"Z733", "province":"EE", "name":"VANUATU" },
    { "code":"Z734", "province":"EE", "name":"PALAU REPUBBLICA" },
    { "code":"Z735", "province":"EE", "name":"MICRONESIA STATI FEDERALI / MICRONESIA" },
    { "code":"Z800", "province":"EE", "name":"DIPENDENZE CANADESI" },
    { "code":"Z801", "province":"EE", "name":"DIPENDENZE NORVEGESI" },
    { "code":"Z802", "province":"EE", "name":"DIPENDENZE SOVIETICHE" },
    { "code":"Z900", "province":"EE", "name":"DIPENDENZE AUSTRALIANE" },
    { "code":"Z901", "province":"EE", "name":"DIPENDENZE BRITANNICHE" },
    { "code":"Z902", "province":"EE", "name":"DIPENDENZE FRANCESI" },
    { "code":"Z903", "province":"EE", "name":"DIPENDENZE NEOZELANDESI" },
    { "code":"Z905", "province":"EE", "name":"DIPENDENZE NORVEGESI" },
    { "code":"Z906", "province":"EE", "name":"DIPENDENZE SUDAFRICANE" },
    { "code":"Z999", "province":"EE", "name":"APOLIDE" }
]